"","council_id","leave_share","BNP_vote_share","Conservative_vote_share","Green_vote_share","LD_vote_share","Labour_vote_share","UKIP_vote_share","agriculture","eu_eco_dependence","fiscal_cuts","eu_15_imm_growth","immigrant_share","median_wage_growth","unemployment"
"1",1,64.1934272941337,1.68394422531128,21.2768402099609,3.97082281112671,3.68496298789978,30.3898544311523,34.983325958252,0.4125,8.8,69.5629653930664,0.0973713472485542,3.52112676056338,-1.35741412639618,8.1
"2",2,65.8638641923743,1.61725556850433,17.2299213409424,4.26984834671021,5.59706258773804,31.1647529602051,36.313907623291,0.342857142857143,8.8,112.11954498291,0.0434327162802219,5.88235294117647,-2.23385643959045,9.7
"3",3,56.1831562919189,1.32642042636871,26.200044631958,4.89090538024902,5.11125516891479,28.2652854919434,30.6632099151611,0.855555555555556,8.8,-9.4536247253418,0.210552126169205,7.69230769230769,8.68317699432373,6.7
"4",4,57.5460549443152,2.1009202003479,15.5061883926392,5.54563188552856,5.234619140625,39.4178733825684,28.1497917175293,0.79,8.8,8.91362857818604,0.15482197701931,4.1015625,-0.312142580747604,6.9
"5",5,54.1061207132906,1.22706425189972,25.3873596191406,5.59760427474976,9.66488265991211,27.6975040435791,27.3764019012451,2.32,8.9,-101.431228637695,0.0820339173078537,2.57234726688103,-0.74575012922287,5.1
"6",6,54.6006850379975,1.75173151493073,14.7285480499268,5.91256380081177,6.72405529022217,40.3457412719727,26.4846019744873,0.188888888888889,8.9,-15.0487041473389,0.20160199701786,7.75656324582339,2.04142689704895,8
"7",7,61.3397456895268,1.66083407402039,15.9842519760132,3.84660243988037,2.84339451789856,42.1391067504883,30.0277061462402,0.5,8.9,62.6653861999512,-0.105766594409943,5.09090909090909,-2.34585404396057,7.9
"8",8,60.193826554082,2.39285898208618,23.3442668914795,5.38258838653564,3.88055396080017,31.1358451843262,29.9044647216797,1.71,14.3,-38.5804023742676,0.0979598835110664,3.04347826086957,3.15142273902893,6.5
"9",9,53.3432866294056,1.39135992527008,28.8358383178711,8.04864025115967,18.8096008300781,15.2768001556396,24.5055999755859,4.37,14.3,-186.933715820312,0.244841113686562,4.63320463320463,-8.86911964416504,3.3
"10",10,39.6360014666971,1.62850153446198,8.23348522186279,12.4148216247559,6.92431545257568,51.4215278625488,15.8992691040039,0.14,9.5,49.5315628051758,1.06843101978302,26.4875239923225,-0.315918266773224,8.2
"11",11,49.0813436200165,2.06421613693237,22.503625869751,7.72551679611206,4.69298934936523,33.6217269897461,25.1848373413086,0.14,9.5,-15.8480939865112,0.394840598106384,13.8947368421053,-4.81395149230957,7.4
"12",12,53.1122010231894,1.91740524768829,19.6003913879395,7.09693813323975,10.0439777374268,29.0597400665283,28.4034309387207,0.14,9.5,-15.096248626709,0.11435554176569,8.49802371541502,-7.16284227371216,4.8
"13",13,61.3307317332165,2.39505791664124,16.3390235900879,4.95475816726685,2.59628772735596,37.5251541137695,31.8801651000977,0.328571428571429,9.5,18.5060710906982,0.168014347553253,7.83333333333333,-4.20105028152466,5.8
"14",14,58.4148853565722,2.40007019042969,16.9810123443604,5.0138840675354,5.99547433853149,36.983268737793,28.9042682647705,0.328571428571429,9.5,59.6113090515137,0.131954550743103,12.96,-6.2753005027771,7.9
"15",15,56.3356347881998,2.45365881919861,18.2786083221436,3.88347029685974,2.80600523948669,45.940357208252,23.6557216644287,0.3,13.8,116.751426696777,0.061104241758585,15.8620689655172,-6.74427366256714,7.5
"16",16,67.4555859369163,3.78345322608948,22.3918037414551,4.68267297744751,2.49273586273193,28.270378112793,33.8828582763672,0.4,13.8,358.420715332031,0.0597400926053524,6.61764705882353,-4.84273052215576,7.3
"17",17,56.9563299514777,1.77501165866852,27.8361759185791,10.49485206604,3.41632103919983,22.4051036834717,30.686954498291,0.9,13.8,-69.3490219116211,0.160312607884407,5.24193548387097,-6.98331737518311,2.3
"18",18,56.2261684279333,1.50977730751038,27.8097515106201,6.53998327255249,5.39615058898926,24.0358180999756,31.0899639129639,0.9,13.8,-135.324981689453,0.0781863033771515,7.63157894736842,-8.77068996429443,4
"19",19,64.216710886452,3.4669201374054,20.8456344604492,4.6274619102478,6.31850433349609,31.0314807891846,30.0564441680908,0.9,13.8,69.0955657958984,0.0944964960217476,10.7692307692308,-5.81319141387939,5
"20",20,56.0674810023237,1.31786870956421,25.4424514770508,5.84823989868164,2.53302574157715,32.0049324035645,29.4276599884033,0.9,13.8,-112.861366271973,0.150363698601723,6.78733031674208,-4.85633230209351,4.8
"21",28,67.6158969608751,1.54539597034454,8.242112159729,6.58201885223389,11.8379745483398,31.8073902130127,35.765453338623,0.85,14.7,71.8357925415039,0.150663614273071,10.1960784313725,-2.77644062042236,9.9
"22",29,60.3956463816203,1.04001522064209,29.0364170074463,6.7334771156311,5.86620616912842,15.2985153198242,37.9611434936523,2.76,14.7,-156.024169921875,0.113653369247913,3.91566265060241,-9.36461639404297,4.4
"23",30,67.9797907580849,1.57519555091858,23.8521690368652,5.09793043136597,3.75250864028931,23.1559276580811,38.631046295166,0.96,14.7,-43.6638031005859,0.158286899328232,5.52147239263804,-8.65955829620361,6.6
"24",31,41.9552919708029,0.737843573093414,23.1564483642578,15.7632141113281,10.4101476669312,22.5052852630615,23.8773784637451,0.65,11,-235.412979125977,0.406418800354004,9.80392156862745,-3.24142694473267,3.7
"25",32,54.9412469419859,0.920564293861389,33.7792282104492,8.30965232849121,7.7230372428894,13.5469760894775,31.3603038787842,3.58,11,-202.174575805664,0.0900537148118019,6.13287904599659,-1.97368788719177,3.5
"26",33,68.4094896932521,2.41117691993713,12.0574607849121,4.3310809135437,2.28770184516907,34.939208984375,37.4181671142578,0.37,9.4,28.524621963501,0.103305779397488,5.26976160602258,-4.73147916793823,7.9
"27",34,50.9902419091819,1.56462001800537,10.8329095840454,12.2173223495483,10.1050148010254,33.6181297302246,27.6592884063721,0.45,9.4,-84.1967163085938,0.281937688589096,10.8540925266904,-2.28262662887573,7.7
"28",35,54.23173208221,1.42871558666229,16.513313293457,6.82755279541016,6.97430658340454,39.449634552002,24.781229019165,0.666666666666667,9.9,32.1206283569336,0.110121563076973,16.1904761904762,-2.08727931976318,9
"29",36,49.6916122136537,1.34774386882782,18.7117004394531,9.31153774261475,6.35287761688232,32.6846809387207,27.3585529327393,0.266666666666667,9.9,-95.8037185668945,0.263488233089447,11.1111111111111,-3.33827090263367,6.5
"30",37,54.9966735259078,1.72031116485596,20.2840538024902,8.38390350341797,5.62021589279175,31.6222457885742,27.3823356628418,0.34,9.9,-45.6863975524902,0.071259893476963,10.1880877742947,-5.1309986114502,6.1
"31",38,66.3640726225706,2.11782360076904,14.9512033462524,5.00744152069092,2.42733144760132,33.965518951416,36.0425148010254,0.34,9.9,11.7251758575439,0.0526696555316448,7.57575757575758,-6.26012372970581,6.4
"32",39,57.2234884588289,1.67383408546448,20.5788955688477,5.16870641708374,8.17730712890625,31.3562698364258,29.8114452362061,0.4,9.5,-24.4188919067383,0.233640640974045,15.1394422310757,-6.14837646484375,7.6
"33",40,63.9188184441672,2.04044103622437,16.2377452850342,4.78400754928589,5.67248773574829,34.545036315918,33.359375,0.9,9.5,-26.727689743042,0.0811060294508934,3.2258064516129,-7.58810949325562,4.7
"34",41,57.3558468349598,1.73374342918396,28.0584564208984,6.89680480957031,4.49804401397705,24.2724075317383,31.6668739318848,1.59,9.5,-158.485137939453,0.121190316975117,2.41935483870968,-2.85757565498352,3.6
"35",42,50.8391278043444,2.03537392616272,15.4623031616211,9.51618957519531,4.21699190139771,40.6575813293457,25.0473136901855,0.7,9.5,4.41305446624756,0.641976416110992,21.7252396166134,-9.90092468261719,7.8
"36",43,67.0692143438578,1.95398354530334,21.7089710235596,3.97102880477905,4.92159032821655,28.3137493133545,35.4137496948242,0.911111111111111,9.5,-33.1138305664062,0.0807453095912933,5.70175438596491,-7.08229398727417,4.5
"37",44,50.7263547560874,1.22554194927216,28.4811744689941,7.96602296829224,5.7917423248291,24.2382621765137,29.6380424499512,1,9.5,-185.704238891602,0.146481364965439,7.64705882352941,-4.42506647109985,6.3
"38",45,48.9249633019601,1.84734296798706,14.5664052963257,6.21443319320679,3.70884156227112,52.8637351989746,18.1520900726318,0.4,14.3,7.02211380004883,1.03171968460083,35.9050445103858,-6.60891246795654,8.7
"39",46,56.3633152528923,1.63476264476776,31.2454814910889,6.07913112640381,7.11964130401611,17.6346035003662,33.3304901123047,0.83,14.3,-237.648132324219,0.117210358381271,7.41797432239658,-3.89013290405273,4.2
"40",47,57.3514654650106,1.3819328546524,31.5412521362305,6.62317848205566,5.23712396621704,17.3086833953857,34.8183174133301,0.64,14.3,-208.579559326172,0.218467593193054,11.6883116883117,-11.1357622146606,2.9
"41",48,61.2460559923874,1.443967461586,28.4796886444092,4.74022197723389,3.7590172290802,22.1123733520508,36.4258422851562,0.64,14.3,-107.752861022949,0.219299018383026,11.9266055045872,-5.69035243988037,4.7
"42",49,65.164098801663,1.42851400375366,29.8010444641113,5.02480506896973,5.46629333496094,14.1931619644165,40.4628715515137,3.73,9.7,-93.774169921875,0.285782784223557,8.55172413793103,-3.06036734580994,4.4
"43",50,59.224161817678,0.753843545913696,33.3750953674316,9.27333736419678,8.69362163543701,10.606897354126,32.8081207275391,5.02,13.2,-170.49755859375,0.181848332285881,8.06451612903226,-3.0019519329071,2.7
"44",51,57.4434623697482,1.13113462924957,30.9591293334961,6.00473403930664,5.84882402420044,17.0642261505127,33.9946365356445,1.84,13.2,-177.121719360352,0.0815337151288986,6.15114235500879,-2.72382116317749,3.4
"45",52,54.7638409097857,1.22367084026337,30.3124103546143,6.18327522277832,7.13217687606812,20.6384601593018,29.5969638824463,1.09,13.2,-183.620391845703,0.270232856273651,9.47176684881603,-8.79519176483154,2.2
"46",53,63.2222135419573,1.64195919036865,24.5167961120605,4.0837869644165,3.77181482315063,24.9366664886475,36.1629753112793,0.8625,12.5,-13.0381879806519,0.0618979968130589,7.10059171597633,-7.56620073318481,5.6
"47",54,56.8737612815515,1.06054592132568,31.9188442230225,7.10360765457153,8.5778694152832,14.3263359069824,32.993480682373,3.17,12.5,-194.775741577148,0.139137551188469,5.59210526315789,-3.81360459327698,3.9
"48",56,62.8727192487008,1.41252613067627,28.3161067962646,4.19755077362061,3.97764253616333,20.8368091583252,36.0047073364258,1.2,12.5,-153.806640625,0.0643326789140701,3.87323943661972,-3.23992514610291,5.1
"49",57,50.4215645814751,1.37183856964111,16.9823875427246,5.50678586959839,8.57258796691895,40.4772262573242,22.4809684753418,0.5,9.5,51.4186134338379,0.630752444267273,21.7272727272727,-7.08876848220825,9.7
"50",58,56.1574415744157,1.39732348918915,31.0530700683594,6.89247751235962,8.97646522521973,13.3474855422974,32.4688529968262,0.4,9.5,-151.35481262207,0.0170411542057991,9.56937799043062,-1.52133500576019,4.1
"51",59,55.5956985313333,1.82241237163544,17.7847785949707,6.14504146575928,3.43526887893677,37.949821472168,26.4748401641846,0.55,9.5,-16.4260177612305,0.226027756929398,26.9005847953216,-6.23195266723633,6.1
"52",60,67.5961329939621,1.80358064174652,22.1558685302734,4.35845279693604,2.19247031211853,25.9014911651611,38.3965225219727,0.275,9.5,-82.8805236816406,0.083236388862133,6.03174603174603,-3.50436520576477,7.2
"53",61,66.7214472951499,2.14169931411743,11.6983098983765,3.23280835151672,1.90582311153412,44.8468971252441,30.0648307800293,0.275,9.5,53.8304176330566,0.242485076189041,16.403785488959,-7.07510185241699,10.6
"54",62,67.8622795565685,2.25412631034851,21.4942150115967,2.83328008651733,2.84699678421021,31.0487232208252,33.5863304138184,0.25,9.5,0.420826375484467,0.121893964707851,11.6788321167883,2.31275057792664,9.2
"55",63,62.5746167412834,1.99055445194244,17.4916915893555,3.49484014511108,2.74444627761841,37.8485221862793,31.3013820648193,0.25,9.5,35.6891326904297,0.0346602872014046,18.6507936507937,-4.75240039825439,11.1
"56",64,60.8934456243134,0.930019855499268,25.5788116455078,5.65635013580322,4.5499095916748,25.1040019989014,33.4959602355957,0.75,9.5,9.22652912139893,0.910541415214539,20.4188481675393,-4.32886123657227,6.6
"57",65,47.9013272587145,0.520346283912659,28.6769905090332,11.0988092422485,12.3741445541382,15.2627258300781,28.8674583435059,1.59,9.5,-224.639129638672,0.842474043369293,13.166144200627,-2.56100535392761,3.1
"58",66,57.2136409659838,0.690598845481873,29.1003379821777,9.74968910217285,5.19907379150391,16.8906688690186,34.704948425293,1.63,9.5,-179.614990234375,0.3512062728405,10.562414266118,-1.94677710533142,4.1
"59",67,55.1673007913258,0.705036401748657,21.7940368652344,13.9705362319946,5.454017162323,22.1275272369385,32.8002166748047,2.41,9.5,-72.5334548950195,0.516512393951416,11.0803324099723,-7.85700607299805,3.8
"60",68,63.1886881171492,0.703205466270447,27.7216129302979,7.98033761978149,7.91489124298096,12.6911191940308,39.8473815917969,2.41,9.5,-116.549247741699,0.305056750774384,6.8,-1.77081894874573,7
"61",69,57.6819617168921,0.648697018623352,30.7949333190918,9.98210430145264,5.41745853424072,13.1249294281006,36.7562370300293,2.41,9.5,-177.273361206055,0.66213470697403,10.3448275862069,-7.4391827583313,5.8
"62",71,50.3146687123871,0.72123771905899,31.7823886871338,7.85503530502319,8.67832946777344,18.2852668762207,29.0249252319336,0.455555555555556,8.9,-195.048568725586,0.321090310811996,13.3217993079585,-9.4407434463501,4.4
"63",72,51.7846768758859,0.766538500785828,28.2165050506592,6.99004220962524,8.04988670349121,23.6690330505371,28.2707271575928,0.933333333333333,8.9,-123.0458984375,0.109525330364704,18.9024390243902,0.372528165578842,4.5
"64",73,56.1283091106017,0.760792911052704,31.4626121520996,7.53139925003052,5.30304145812988,14.4400596618652,36.777660369873,0.933333333333333,8.9,-215.567825317383,0.279036730527878,8.45588235294118,-4.45218849182129,3.7
"65",74,58.0824544582934,1.06197571754456,26.7771244049072,7.87070369720459,6.14644575119019,15.5950088500977,37.1040802001953,0.4,10.1,8.98355579376221,0.326974809169769,12.3595505617978,-4.96339130401611,5.1
"66",75,72.2821462535662,1.64159047603607,19.4645729064941,3.40702486038208,1.67848014831543,22.7793731689453,45.890754699707,0.4,10.1,-88.8069305419922,0.333268135786057,15.1515151515152,0.266538172960281,6.3
"67",76,61.0195304823666,0.821937918663025,27.4109363555908,8.3372631072998,5.97957754135132,14.1965169906616,39.4530181884766,0.68,10.1,-87.3087387084961,-0.0276661515235901,7.69230769230769,-10.3125429153442,3.9
"68",77,60.4316630288395,1.0243376493454,29.8932018280029,6.82763385772705,5.70574045181274,14.7771615982056,37.5616149902344,0.68,10.1,-165.707855224609,0.281076639890671,9.39597315436242,-7.8953742980957,5.3
"69",78,56.4474665779347,0.733756363391876,32.0056419372559,7.166672706604,7.53713607788086,11.3672485351562,37.8398399353027,0.68,10.1,-226.399200439453,0.108792543411255,8.38709677419355,-4.30108213424683,5.4
"70",79,69.1474163457593,1.22875547409058,26.0242404937744,5.2956690788269,2.76358699798584,14.2564582824707,45.2335624694824,0.68,10.1,-149.581420898438,0.0728613957762718,6.47887323943662,-13.1793737411499,5.4
"71",101,47.6691190021966,0.76081383228302,33.462272644043,7.97999668121338,7.74776363372803,18.7140254974365,26.9739837646484,0.41,9.4,-210.164825439453,0.287941038608551,19.6078431372549,-4.60882091522217,3.7
"72",102,49.8092215767186,0.840092062950134,29.9004783630371,8.01416683197021,8.33575344085693,16.9562587738037,31.7527885437012,0.775,9.4,-264.465576171875,0.557752370834351,15.1851851851852,-3.42502784729004,4.6
"73",103,43.2037886151376,0.659829020500183,30.3555278778076,12.7159852981567,10.3367557525635,18.024019241333,23.7894649505615,0.87,9.4,-259.702880859375,0.59324049949646,15.5354449472097,-1.81602692604065,3.5
"74",104,31.3802624850861,0.407753944396973,20.6199436187744,24.525936126709,5.31135749816895,26.9381484985352,18.7448043823242,0.4,8.1,-27.1324768066406,0.937385201454163,14.6428571428571,-3.03957915306091,5.9
"75",105,54.5326314844617,0.565659284591675,28.418025970459,9.14014434814453,9.15619087219238,12.8256216049194,35.5248718261719,1.24,8.1,-71.8972320556641,0.34184804558754,9.00562851782364,-4.25241756439209,5
"76",106,46.8813851318334,0.620597362518311,37.8990859985352,8.20061016082764,9.02807426452637,11.1099672317505,28.8067970275879,0.6,8.1,-266.475921630859,0.186859220266342,15.3745072273325,-8.02286148071289,3.7
"77",107,49.6664947567475,0.675332546234131,36.1819648742676,8.65993690490723,9.30765056610107,9.76113891601562,30.9209651947021,0.6,8.1,-262.157958984375,0.263071447610855,12.1134020618557,-7.76982164382935,3.3
"78",108,55.9608673834851,0.600980401039124,31.6279373168945,8.66089725494385,6.71990346908569,10.3844785690308,37.4219818115234,1.4,8.1,-146.264877319336,0.263845056295395,5.05747126436782,2.23623156547546,3.6
"79",109,50.2567884442992,0.647834241390228,32.6174240112305,8.1316385269165,7.3860912322998,14.475136756897,32.4747657775879,1.4,8.1,-229.408325195312,0.434409081935883,12.9533678756477,-0.50272673368454,5
"80",110,58.0794165316045,1.03669607639313,22.1781177520752,10.3542919158936,10.1917152404785,16.9946365356445,34.2299728393555,0.4,13.1,-96.8653030395508,0.2249586135149,12.5,-1.20479357242584,5.9
"81",111,53.8030000464403,0.949794054031372,21.5124759674072,10.3649873733521,6.06932783126831,26.2272663116455,29.2349491119385,0.675,13.1,-108.76252746582,0.44195082783699,19.4331983805668,-3.32226085662842,5.4
"82",112,61.9463340891912,0.828029036521912,26.291332244873,10.8545036315918,5.54554176330566,10.443305015564,40.9311103820801,1.12,13.1,3.42895546054933e-05,0.16499537229538,5.18518518518519,-4.63436508178711,6.8
"83",113,57.8043202993593,0.814535856246948,30.2499256134033,7.13565635681152,11.0680093765259,10.02685546875,35.9178047180176,0.81,13.1,-185.237228393555,0.237416446208954,5.56792873051225,-1.13684678077698,3.6
"84",114,50.9741164624334,0.554977238178253,36.6668167114258,9.22961044311523,10.2833642959595,8.22056007385254,31.1764354705811,0.81,13.1,-261.740112304688,0.201764240860939,5.49242424242424,-0.656378030776978,2.8
"85",115,52.1887067853052,0.884305119514465,34.6370086669922,7.75889778137207,8.33255672454834,13.2107315063477,30.1471405029297,0.81,13.1,-250.693771362305,0.142173573374748,11.9777158774373,-2.26179981231689,3.3
"86",116,64.0791728467952,1.16895294189453,23.1071720123291,5.65889930725098,3.71730065345764,19.121057510376,41.8810768127441,0.525,13.1,-72.4560394287109,0.216844096779823,10.2189781021898,-0.769171833992004,8.4
"87",117,63.8418625129535,0.996341645717621,24.3486137390137,5.37930393218994,3.25604939460754,19.1751651763916,41.9816246032715,0.98,13.1,-105.356155395508,0.265743404626846,10.8882521489971,-2.68214225769043,6.1
"88",118,59.3522029887876,0.73085480928421,24.7862319946289,8.67781734466553,5.21347904205322,15.6837682723999,40.5061111450195,0.98,13.1,-40.0311965942383,0.230993285775185,9.14396887159533,-5.79835271835327,6.9
"89",119,59.0492911215571,0.796406805515289,29.4187850952148,7.03760814666748,8.83689785003662,11.4124822616577,37.7944602966309,0.98,13.1,-174.754211425781,0.260751873254776,13.3333333333333,-3.91082382202148,4.9
"90",120,51.9697563119131,0.618246078491211,35.416820526123,7.48904180526733,7.07374000549316,10.9307174682617,34.3121337890625,0.98,13.1,-234.023651123047,0.260520547628403,10.1408450704225,-5.58261060714722,2.7
"91",122,49.6592469680066,0.754150331020355,28.5302677154541,11.1687393188477,11.4956665039062,14.5854110717773,31.0525951385498,0.39,13.8,-169.959365844727,0.260756403207779,7.8907435508346,-2.73102974891663,3.6
"92",123,50.9776023247526,0.694321751594543,31.8692531585693,10.819561958313,10.5835609436035,14.8292989730835,28.5829105377197,1.35,13.8,-197.471176147461,0.300057202577591,8.25082508250825,-5.096022605896,4.9
"93",124,54.6585225512327,0.907696485519409,26.7959957122803,7.29585886001587,6.51087236404419,24.774881362915,30.7155094146729,0.466666666666667,13.8,-133.956909179688,0.367673605680466,15.2073732718894,-6.96648454666138,5.3
"94",125,52.4886204330293,0.666119873523712,35.4952201843262,9.78789901733398,10.1642684936523,9.93507385253906,31.3904190063477,1.53,13.8,-217.398788452148,0.195393249392509,7.59493670886076,-7.96450471878052,3.7
"95",126,56.4682535208091,0.893124461174011,28.9757690429688,9.22157573699951,8.60055446624756,11.165358543396,38.0814743041992,0.3,13,-92.5787658691406,0.517015099525452,14.1176470588235,0.0457320436835289,4.2
"96",127,56.5949868323829,0.594784557819366,33.5808372497559,9.25531387329102,9.43491649627686,9.4426908493042,34.8815879821777,2.1,13,-162.220855712891,0.0977032110095024,5.58252427184466,2.78841137886047,3.8
"97",128,55.7332693272819,0.656626462936401,29.7212295532227,10.1612615585327,15.234655380249,8.73879051208496,33.0898933410645,2.45,13,-110.972778320312,0.304360836744308,7.14285714285714,-1.40177500247955,4.5
"98",129,56.4601437333079,0.751920461654663,25.652759552002,11.1771049499512,12.14870262146,10.9689531326294,36.6759567260742,2.88,8.2,-34.2691116333008,0.242784783244133,4.77941176470588,-4.2881932258606,3.7
"99",131,63.1581029753112,0.798632562160492,25.9452457427979,7.24073934555054,10.7476491928101,9.35962009429932,43.2204627990723,0.86,10.9,148.382034301758,0.0902040004730225,6.87022900763359,-3.70080661773682,5.9
"100",132,52.7917720195434,0.608031928539276,29.9952297210693,12.9963579177856,9.43533706665039,11.682279586792,32.9438819885254,2.86,10.9,-123.325973510742,0.175161421298981,5.4089709762533,-1.76443064212799,2.9
"101",133,50.9420041632632,0.802082180976868,14.4215450286865,2.63465428352356,1.61478793621063,16.2275581359863,27.62668800354,3.55,4.4,-44.336254119873,0.207993522286415,4.28571428571429,0.110086627304554,6.6
"102",134,41.9486123369619,0.656163513660431,12.1219367980957,4.82553577423096,2.3273298740387,15.0131568908691,19.7532558441162,3.34,4.4,-117.219169616699,0.172025710344315,4.13223140495868,-11.7206592559814,6.7
"103",135,53.9855072463768,0.877159714698792,25.0985145568848,3.58820867538452,2.95165205001831,20.0780544281006,28.7587127685547,2.3,4.4,18.2031860351562,0.0715480521321297,4.32692307692308,-2.82654881477356,6
"104",136,53.2737968471219,0.805494487285614,18.1275177001953,4.84366798400879,4.05276584625244,20.148063659668,24.8672103881836,4.79,4.4,-38.8846969604492,0.136772826313972,5.54089709762533,-2.86590170860291,6.4
"105",137,54.2405864070193,1.33251225948334,7.45670127868652,3.10709047317505,2.04139637947083,38.2228965759277,27.5754280090332,0.4,4.4,139.716430664062,0.0736297741532326,2.71186440677966,0.0489652156829834,6.4
"106",138,59.0945108568627,1.29424405097961,15.6083526611328,3.86655402183533,2.27417182922363,33.2805633544922,29.6821002960205,0.34,4.4,88.0451736450195,0.0886449739336967,3.24483775811209,-6.80813360214233,8.8
"107",139,55.7497816622999,1.37796783447266,11.6521816253662,3.3659815788269,2.32215929031372,39.0551948547363,27.5133724212646,0.55,4.4,91.9426879882812,0.0452277176082134,2.1505376344086,-6.42999029159546,6.7
"108",140,51.5090275525394,1.11264872550964,16.1454010009766,5.23295497894287,4.04834413528442,33.4145202636719,28.2406120300293,0.433333333333333,4.4,3.00091218948364,0.104791283607483,8.33333333333333,0.343984961509705,8.8
"109",141,53.2221010372914,0.930257618427277,24.6867771148682,4.85920667648315,3.75867080688477,27.5922622680664,30.7092552185059,0.62,4.5,-79.2902450561523,0.119875974953175,7.17299578059072,-1.95972895622253,6.6
"110",142,42.7608272395448,0.923709869384766,17.8966312408447,6.576735496521,5.90224885940552,31.8274402618408,24.6642417907715,0.23,4.5,-80.6058654785156,0.419880121946335,10.6471816283925,-5.66042757034302,7.5
"111",143,57.5669845956109,1.22739613056183,19.8045310974121,3.65626811981201,3.53886485099792,27.7178039550781,32.5816497802734,1.17,4.5,-74.4834823608398,0.221604645252228,5.88235294117647,-5.11629056930542,3.9
"112",144,53.7404522518215,0.790061712265015,27.0217056274414,6.35507535934448,12.9415836334229,13.8885927200317,27.6973819732666,8.56,4.5,-122.840034484863,0.169365435838699,3.81679389312977,-1.51165223121643,2.9
"113",145,42.34855901244,0.647770643234253,21.2662773132324,6.54182577133179,9.84150981903076,18.4844799041748,10.4366693496704,1.71,4.1,-50.7938385009766,0.3282650411129,8.84615384615385,-3.01640939712524,7.5
"114",146,41.5137228084201,0.739779353141785,21.5361080169678,7.44692707061768,12.9758043289185,16.7534999847412,12.5799570083618,1.03,4.1,-39.898567199707,0.34339103102684,5.58252427184466,7.9848484992981,6.1
"115",147,36.538841473052,0.557681381702423,18.9788990020752,14.0741634368896,7.6817045211792,24.2039451599121,8.41498374938965,1.78,4.1,-102.740570068359,0.342047274112701,4.81283422459893,2.75495457649231,5.2
"116",148,41.5349539390578,0.82095068693161,13.332239151001,6.04219675064087,3.63681125640869,31.4013633728027,9.99917888641357,5.77,4.1,-150.984252929688,0.447716474533081,5.30973451327434,3.09844565391541,3.8
"117",149,25.5646190555463,0.69864422082901,13.6017293930054,6.52249813079834,8.68502044677734,30.6759395599365,10.3868741989136,0.5,4.1,-157.912811279297,1.01131463050842,15.8110882956879,-6.78718852996826,3.7
"118",150,43.2397991369956,0.923181414604187,8.47922039031982,11.8554706573486,2.95634174346924,35.2568855285645,9.75515651702881,0.466666666666667,4.1,-85.4678039550781,0.131550848484039,5.12820512820513,3.31096053123474,7.2
"119",151,36.4191649891667,0.702784657478333,21.9662818908691,7.19454431533813,11.0702781677246,20.8259143829346,11.6897134780884,2.79,4.1,-174.379318237305,0.2685826420784,9.4017094017094,3.67371582984924,4.2
"120",152,41.7453789487956,1.02860522270203,11.6104955673218,6.16708040237427,3.24283719062805,31.7047080993652,11.8972301483154,0.7,4.1,-63.7842102050781,0.190279364585876,5.68181818181818,5.60937833786011,6.4
"121",153,32.4507074265583,0.584842026233673,19.261438369751,6.74965238571167,3.8973491191864,26.6422710418701,9.45015239715576,0.328571428571429,7.9,-84.2065963745117,0.0768769159913063,3.57142857142857,-1.83153176307678,6
"122",154,46.9389236333724,0.898321449756622,14.1548261642456,4.66697692871094,2.25117206573486,33.1913681030273,9.85290431976318,7.2,7.9,-75.9099731445312,0.0724122747778893,3.37837837837838,-3.26394820213318,5
"123",155,42.3274851001699,0.521623134613037,19.6700420379639,8.70079517364502,10.3445138931274,26.1145153045654,10.2323036193848,1,7.9,7.97392463684082,0.0683454945683479,1.56862745098039,-4.19674777984619,9
"124",157,32.6064705620578,0.959906935691833,16.2440814971924,6.93750905990601,6.17152261734009,22.4430770874023,12.9926795959473,0.25,7.9,-52.7272682189941,0.0866098329424858,4.95626822157434,1.88350713253021,5.4
"125",158,38.3351941606593,0.492451399564743,29.8383922576904,6.29551696777344,7.80755043029785,11.3055744171143,10.1403369903564,0.525,7.9,2.57863640785217,0.0713246762752533,4.16666666666667,3.45018649101257,7.8
"126",159,41.0382726888434,0.933887720108032,13.8078126907349,5.99087619781494,3.5458128452301,33.4678993225098,11.0155696868896,1.76,7.9,-52.0535125732422,0.185553580522537,3.6036036036036,-5.44289350509644,6.4
"127",160,36.9169454831726,0.505392134189606,22.1576652526855,10.5057907104492,5.710533618927,22.4879627227783,8.75880432128906,0.655555555555556,7.9,-47.2540283203125,0.160812139511108,3.51437699680511,0.837215304374695,5.6
"128",161,42.3699599876885,0.824040174484253,22.1251735687256,6.35576677322388,11.681266784668,16.3092365264893,10.7835750579834,2.47,4.2,-238.675506591797,0.563786447048187,10.7216494845361,6.54340028762817,3.5
"129",162,44.0476853657178,0.796488225460052,13.1601572036743,8.61202812194824,5.16812229156494,31.194278717041,10.6847085952759,3.78,3.3,-145.208862304688,0.362828731536865,4.34782608695652,3.1618447303772,4.7
"130",163,49.8731966906415,1.04312026500702,8.50988864898682,5.16626501083374,1.64502894878387,40.0572280883789,10.7455492019653,2.21,3.3,-199.401153564453,0.362318843603134,4.3010752688172,-0.894676148891449,3.6
"131",164,39.4323969114506,0.711081922054291,18.9293651580811,6.97224950790405,18.867374420166,13.4740905761719,11.0491189956665,6.73,3.3,-123.881416320801,0.223424524068832,3.52941176470588,0.208743825554848,4.2
"132",165,44.7627994363551,0.858592450618744,9.89983081817627,6.50448799133301,3.16118121147156,23.9625339508057,11.0186023712158,4.13,3.3,-177.013122558594,0.32073050737381,0,16.5776081085205,8.2
"133",166,36.8388683886839,0.797101497650146,12.6855506896973,6.17039966583252,3.31137466430664,35.180061340332,10.4259986877441,9.18,3.3,-205.950744628906,0.530007779598236,0,3.8765172958374,2.5
